C_agree,C_answer,C_mixed_score,C_ood,C_stage,C_top,C_ungated,S_answer,S_flagged,S_stage,S_ungated,label,profile,sid,suite,variant,windows
1.0,,0.3954,0.1304,not_answered,0.4685,bulk,,True,abstained,video,bulk,g5,lab-g:exp51-G-cbc256s512-g5-bulk.pyhttp-rep2,cbc256s512,bulk.pyhttp,23
0.6957,,0.1162,0.087,not_answered,0.431,bulk,,True,abstained,bulk,bulk,g5,lab-g:exp51-G-cbc256s512-g5-bulk.sftp-rep2,cbc256s512,bulk.sftp,23
0.9167,,0.0545,0.0,not_answered,0.5894,email,,True,abstained,email,email,g5,lab-g:exp51-G-cbc256s512-g5-email.mailx-rep2,cbc256s512,email.mailx,12
0.6923,,0.3337,0.2308,not_answered,0.4324,email,,True,abstained,email,email,g5,lab-g:exp51-G-cbc256s512-g5-email.pysmtp-rep2,cbc256s512,email.pysmtp,13
1.0,icmp,0.2008,0.6087,answered,0.6825,icmp,,False,out_of_distribution,icmp,icmp,g5,lab-g:exp51-G-cbc256s512-g5-icmp.ping1s-rep2,cbc256s512,icmp.ping1s,23
0.5455,,0.0943,0.0,not_answered,0.3398,voip,,True,abstained,voip,icmp,g5,lab-g:exp51-G-cbc256s512-g5-icmp.ping200-rep2,cbc256s512,icmp.ping200,22
0.8421,,0.3882,0.0,not_answered,0.5998,interactive,,True,abstained,interactive,interactive,g5,lab-g:exp51-G-cbc256s512-g5-interactive.sshbc-rep2,cbc256s512,interactive.sshbc,19
0.619,,0.0891,0.0,not_answered,0.3442,interactive,,True,abstained,interactive,interactive,g5,lab-g:exp51-G-cbc256s512-g5-interactive.sshmc-rep2,cbc256s512,interactive.sshmc,21
1.0,,0.1312,0.0,not_answered,0.523,messaging,,True,abstained,messaging,messaging,g5,lab-g:exp51-G-cbc256s512-g5-messaging.sse-rep2,cbc256s512,messaging.sse,19
0.85,,0.1042,0.0,not_answered,0.517,messaging,,True,abstained,messaging,messaging,g5,lab-g:exp51-G-cbc256s512-g5-messaging.tcpjson-rep2,cbc256s512,messaging.tcpjson,20
0.6957,,0.6342,0.0,not_answered,0.3475,web,,True,abstained,web,video,g5,lab-g:exp51-G-cbc256s512-g5-video.httplive-rep2,cbc256s512,video.httplive,23
1.0,video,0.0146,0.6364,answered,0.7662,video,,False,out_of_distribution,video,video,g5,lab-g:exp51-G-cbc256s512-g5-video.rtpmp2v-rep2,cbc256s512,video.rtpmp2v,22
0.85,,0.057,0.5,not_answered,0.6076,voip,,False,out_of_distribution,voip,voip,g5,lab-g:exp51-G-cbc256s512-g5-voip.alaw60-rep2,cbc256s512,voip.alaw60,20
1.0,,0.0728,0.0,not_answered,0.6072,voip,,True,abstained,voip,voip,g5,lab-g:exp51-G-cbc256s512-g5-voip.siren-rep2,cbc256s512,voip.siren,22
0.913,,0.1252,0.0435,not_answered,0.5053,web,,True,abstained,video,web,g5,lab-g:exp51-G-cbc256s512-g5-web.firefox-rep2,cbc256s512,web.firefox,23
1.0,,0.1801,0.0,not_answered,0.555,web,,True,abstained,web,web,g5,lab-g:exp51-G-cbc256s512-g5-web.pyreq-rep2,cbc256s512,web.pyreq,20
1.0,bulk,0.0,1.0,answered,0.9236,bulk,,False,out_of_distribution,bulk,bulk,g50,lab-g:exp51-G-cbc256s512-g50-bulk.pyhttp-rep2,cbc256s512,bulk.pyhttp,22
1.0,bulk,0.0197,1.0,answered,0.9016,bulk,,False,out_of_distribution,bulk,bulk,g50,lab-g:exp51-G-cbc256s512-g50-bulk.sftp-rep2,cbc256s512,bulk.sftp,23
1.0,email,0.0718,0.0,answered,0.7269,email,,True,abstained,email,email,g50,lab-g:exp51-G-cbc256s512-g50-email.mailx-rep2,cbc256s512,email.mailx,12
0.5,,0.2166,0.4167,not_answered,0.4728,email,,True,abstained,video,email,g50,lab-g:exp51-G-cbc256s512-g50-email.pysmtp-rep2,cbc256s512,email.pysmtp,12
0.9545,icmp,0.222,0.5455,answered,0.652,icmp,,False,out_of_distribution,messaging,icmp,g50,lab-g:exp51-G-cbc256s512-g50-icmp.ping1s-rep2,cbc256s512,icmp.ping1s,22
1.0,,0.0596,0.0,not_answered,0.5866,icmp,,True,abstained,voip,icmp,g50,lab-g:exp51-G-cbc256s512-g50-icmp.ping200-rep2,cbc256s512,icmp.ping200,22
0.9,interactive,0.0953,0.05,answered,0.7522,interactive,,True,abstained,messaging,interactive,g50,lab-g:exp51-G-cbc256s512-g50-interactive.sshbc-rep2,cbc256s512,interactive.sshbc,20
0.7391,,0.0611,0.0435,not_answered,0.5814,interactive,,True,abstained,interactive,interactive,g50,lab-g:exp51-G-cbc256s512-g50-interactive.sshmc-rep2,cbc256s512,interactive.sshmc,23
0.8947,messaging,0.3887,0.0,answered,0.6746,messaging,,True,abstained,messaging,messaging,g50,lab-g:exp51-G-cbc256s512-g50-messaging.sse-rep2,cbc256s512,messaging.sse,19
0.7,,0.0731,0.0,not_answered,0.5364,interactive,,True,abstained,interactive,messaging,g50,lab-g:exp51-G-cbc256s512-g50-messaging.tcpjson-rep2,cbc256s512,messaging.tcpjson,20
0.9167,,0.6873,0.0,not_answered,0.3719,web,,True,abstained,web,video,g50,lab-g:exp51-G-cbc256s512-g50-video.httplive-rep2,cbc256s512,video.httplive,24
1.0,video,0.0057,0.4091,answered,0.832,video,,False,out_of_distribution,video,video,g50,lab-g:exp51-G-cbc256s512-g50-video.rtpmp2v-rep2,cbc256s512,video.rtpmp2v,22
0.7857,,0.0435,0.6429,not_answered,0.5437,voip,,False,out_of_distribution,voip,voip,g50,lab-g:exp51-G-cbc256s512-g50-voip.alaw60-rep2,cbc256s512,voip.alaw60,14
1.0,,0.0983,0.0,not_answered,0.6016,voip,,True,abstained,voip,voip,g50,lab-g:exp51-G-cbc256s512-g50-voip.siren-rep2,cbc256s512,voip.siren,22
0.8,,0.01,0.0,not_answered,0.6292,web,,True,abstained,video,web,g50,lab-g:exp51-G-cbc256s512-g50-web.firefox-rep2,cbc256s512,web.firefox,10
0.8462,,0.078,0.0,not_answered,0.4759,bulk,,False,out_of_distribution,bulk,web,g50,lab-g:exp51-G-cbc256s512-g50-web.pyreq-rep2,cbc256s512,web.pyreq,13
0.9545,,0.2453,0.0,not_answered,0.5399,bulk,,True,abstained,video,bulk,g5,lab-g:exp51-G-gcm192-g5-bulk.pyhttp-rep1,gcm192,bulk.pyhttp,22
0.9565,,0.5935,0.0,not_answered,0.4887,bulk,,True,abstained,bulk,bulk,g5,lab-g:exp51-G-gcm192-g5-bulk.sftp-rep1,gcm192,bulk.sftp,23
0.9333,,0.054,0.0,not_answered,0.5784,email,,True,abstained,email,email,g5,lab-g:exp51-G-gcm192-g5-email.mailx-rep1,gcm192,email.mailx,15
0.75,,0.2804,0.0,not_answered,0.6003,email,,True,abstained,email,email,g5,lab-g:exp51-G-gcm192-g5-email.pysmtp-rep1,gcm192,email.pysmtp,16
0.9091,,0.1654,0.5909,not_answered,0.627,icmp,,False,out_of_distribution,messaging,icmp,g5,lab-g:exp51-G-gcm192-g5-icmp.ping1s-rep1,gcm192,icmp.ping1s,22
0.7727,,0.1895,0.0,not_answered,0.3648,icmp,,True,abstained,voip,icmp,g5,lab-g:exp51-G-gcm192-g5-icmp.ping200-rep1,gcm192,icmp.ping200,22
0.8889,interactive,0.382,0.0,answered,0.6763,interactive,,True,abstained,interactive,interactive,g5,lab-g:exp51-G-gcm192-g5-interactive.sshbc-rep1,gcm192,interactive.sshbc,18
0.8095,,0.1209,0.2857,not_answered,0.4362,interactive,,True,abstained,interactive,interactive,g5,lab-g:exp51-G-gcm192-g5-interactive.sshmc-rep1,gcm192,interactive.sshmc,21
0.95,,0.2657,0.1,not_answered,0.5963,messaging,,True,abstained,messaging,messaging,g5,lab-g:exp51-G-gcm192-g5-messaging.sse-rep1,gcm192,messaging.sse,20
0.8095,,0.1495,0.0,not_answered,0.551,messaging,,True,abstained,messaging,messaging,g5,lab-g:exp51-G-gcm192-g5-messaging.tcpjson-rep1,gcm192,messaging.tcpjson,21
0.8182,,0.2995,0.0,not_answered,0.3411,web,,True,abstained,web,video,g5,lab-g:exp51-G-gcm192-g5-video.httplive-rep1,gcm192,video.httplive,22
1.0,video,0.1217,0.9565,answered,0.7334,video,,False,out_of_distribution,video,video,g5,lab-g:exp51-G-gcm192-g5-video.rtpmp2v-rep1,gcm192,video.rtpmp2v,23
0.8182,,0.0792,0.6364,not_answered,0.5757,voip,,False,out_of_distribution,voip,voip,g5,lab-g:exp51-G-gcm192-g5-voip.alaw60-rep1,gcm192,voip.alaw60,22
1.0,,0.105,0.0,not_answered,0.5147,voip,,True,abstained,voip,voip,g5,lab-g:exp51-G-gcm192-g5-voip.siren-rep1,gcm192,voip.siren,23
0.9444,,0.0589,0.0,not_answered,0.5157,web,,True,abstained,video,web,g5,lab-g:exp51-G-gcm192-g5-web.firefox-rep1,gcm192,web.firefox,18
0.9474,,0.1784,0.0,not_answered,0.4859,web,,True,abstained,web,web,g5,lab-g:exp51-G-gcm192-g5-web.pyreq-rep1,gcm192,web.pyreq,19
1.0,bulk,0.0033,1.0,answered,0.9094,bulk,,False,out_of_distribution,bulk,bulk,g50,lab-g:exp51-G-gcm192-g50-bulk.pyhttp-rep1,gcm192,bulk.pyhttp,23
1.0,bulk,0.0124,1.0,answered,0.8863,bulk,,False,out_of_distribution,bulk,bulk,g50,lab-g:exp51-G-gcm192-g50-bulk.sftp-rep1,gcm192,bulk.sftp,22
1.0,email,0.049,0.0,answered,0.7715,email,,True,abstained,email,email,g50,lab-g:exp51-G-gcm192-g50-email.mailx-rep1,gcm192,email.mailx,11
0.7273,,0.069,0.0909,not_answered,0.5024,email,,True,abstained,video,email,g50,lab-g:exp51-G-gcm192-g50-email.pysmtp-rep1,gcm192,email.pysmtp,11
1.0,icmp,0.1381,0.619,answered,0.6819,icmp,,False,out_of_distribution,icmp,icmp,g50,lab-g:exp51-G-gcm192-g50-icmp.ping1s-rep1,gcm192,icmp.ping1s,21
1.0,,0.1005,0.0,not_answered,0.6445,icmp,,True,abstained,interactive,icmp,g50,lab-g:exp51-G-gcm192-g50-icmp.ping200-rep1,gcm192,icmp.ping200,22
1.0,interactive,0.0033,0.0,answered,0.938,interactive,,True,abstained,interactive,interactive,g50,lab-g:exp51-G-gcm192-g50-interactive.sshbc-rep1,gcm192,interactive.sshbc,17
0.9048,interactive,0.1302,0.0,answered,0.6991,interactive,,True,abstained,interactive,interactive,g50,lab-g:exp51-G-gcm192-g50-interactive.sshmc-rep1,gcm192,interactive.sshmc,21
0.9,messaging,0.1655,0.0,answered,0.7509,messaging,,True,abstained,messaging,messaging,g50,lab-g:exp51-G-gcm192-g50-messaging.sse-rep1,gcm192,messaging.sse,20
0.5,,0.0824,0.0909,not_answered,0.4682,interactive,,True,abstained,interactive,messaging,g50,lab-g:exp51-G-gcm192-g50-messaging.tcpjson-rep1,gcm192,messaging.tcpjson,22
1.0,,0.2443,0.0,not_answered,0.4058,web,,True,abstained,web,video,g50,lab-g:exp51-G-gcm192-g50-video.httplive-rep1,gcm192,video.httplive,22
1.0,video,0.0704,0.7826,answered,0.8076,video,,False,out_of_distribution,video,video,g50,lab-g:exp51-G-gcm192-g50-video.rtpmp2v-rep1,gcm192,video.rtpmp2v,23
0.9444,,0.077,0.5,not_answered,0.5775,voip,,False,out_of_distribution,voip,voip,g50,lab-g:exp51-G-gcm192-g50-voip.alaw60-rep1,gcm192,voip.alaw60,18
1.0,,0.0523,0.0,not_answered,0.5103,voip,,True,abstained,voip,voip,g50,lab-g:exp51-G-gcm192-g50-voip.siren-rep1,gcm192,voip.siren,22
1.0,web,0.2134,0.0,answered,0.6752,web,,True,abstained,video,web,g50,lab-g:exp51-G-gcm192-g50-web.firefox-rep1,gcm192,web.firefox,10
0.5,,0.0302,0.0,not_answered,0.3399,bulk,,True,abstained,video,web,g50,lab-g:exp51-G-gcm192-g50-web.pyreq-rep1,gcm192,web.pyreq,14
0.8261,,0.548,0.0,not_answered,0.4475,web,,True,abstained,bulk,mixed,g5,lab-g:exp51-G-cbc256s512-g5-mix-bulk.sftp+interactive.sshbc-rep2,cbc256s512,bulk.sftp+interactive.sshbc,23
0.4545,,0.4315,0.2727,not_answered,0.3686,email,,True,abstained,email,mixed,g5,lab-g:exp51-G-cbc256s512-g5-mix-messaging.tcpjson+email.pysmtp-rep2,cbc256s512,messaging.tcpjson+email.pysmtp,22
0.9167,,0.1408,0.0,not_answered,0.3972,web,,True,abstained,web,mixed,g5,lab-g:exp51-G-cbc256s512-g5-mix-video.httplive+interactive.sshbc-rep2,cbc256s512,video.httplive+interactive.sshbc,24
0.7619,,0.2017,0.3333,not_answered,0.4629,web,,True,abstained,web,mixed,g5,lab-g:exp51-G-cbc256s512-g5-mix-web.firefox+voip.alaw60-rep2,cbc256s512,web.firefox+voip.alaw60,21
1.0,bulk,0.0,1.0,answered,0.9281,bulk,,False,out_of_distribution,bulk,mixed,g50,lab-g:exp51-G-cbc256s512-g50-mix-bulk.pyhttp+interactive.sshbc-rep2,cbc256s512,bulk.pyhttp+interactive.sshbc,23
0.5238,,0.3056,0.0,not_answered,0.3748,messaging,,True,abstained,messaging,mixed,g50,lab-g:exp51-G-cbc256s512-g50-mix-messaging.tcpjson+email.mailx-rep2,cbc256s512,messaging.tcpjson+email.mailx,21
0.8696,,0.302,0.0,not_answered,0.3885,web,,True,abstained,web,mixed,g50,lab-g:exp51-G-cbc256s512-g50-mix-video.httplive+interactive.sshbc-rep2,cbc256s512,video.httplive+interactive.sshbc,23
0.5217,,0.3297,0.4348,not_answered,0.3237,web,,True,abstained,video,mixed,g50,lab-g:exp51-G-cbc256s512-g50-mix-web.pyreq+voip.alaw60-rep2,cbc256s512,web.pyreq+voip.alaw60,23
0.8696,,0.5599,0.0,not_answered,0.4275,web,,True,abstained,bulk,mixed,g5,lab-g:exp51-G-gcm192-g5-mix-bulk.sftp+interactive.sshbc-rep1,gcm192,bulk.sftp+interactive.sshbc,23
0.5909,,0.2751,0.0,not_answered,0.4638,email,,True,abstained,email,mixed,g5,lab-g:exp51-G-gcm192-g5-mix-messaging.tcpjson+email.mailx-rep1,gcm192,messaging.tcpjson+email.mailx,22
0.7826,,0.065,0.0,not_answered,0.346,web,,True,abstained,web,mixed,g5,lab-g:exp51-G-gcm192-g5-mix-video.httplive+interactive.sshmc-rep1,gcm192,video.httplive+interactive.sshmc,23
0.6364,,0.2376,0.0,not_answered,0.4348,web,,True,abstained,web,mixed,g5,lab-g:exp51-G-gcm192-g5-mix-web.firefox+voip.siren-rep1,gcm192,web.firefox+voip.siren,22
1.0,bulk,0.0098,1.0,answered,0.9051,bulk,,False,out_of_distribution,bulk,mixed,g50,lab-g:exp51-G-gcm192-g50-mix-bulk.pyhttp+interactive.sshbc-rep1,gcm192,bulk.pyhttp+interactive.sshbc,22
0.4545,,0.2083,0.0,not_answered,0.4443,email,,True,abstained,video,mixed,g50,lab-g:exp51-G-gcm192-g50-mix-messaging.sse+email.pysmtp-rep1,gcm192,messaging.sse+email.pysmtp,22
0.9545,,0.2596,0.9545,not_answered,0.4749,video,,False,out_of_distribution,video,mixed,g50,lab-g:exp51-G-gcm192-g50-mix-video.rtpmp2v+interactive.sshbc-rep1,gcm192,video.rtpmp2v+interactive.sshbc,22
0.5217,,0.4884,0.5652,not_answered,0.3052,web,,False,out_of_distribution,video,mixed,g50,lab-g:exp51-G-gcm192-g50-mix-web.firefox+voip.alaw60-rep1,gcm192,web.firefox+voip.alaw60,23
