repo,created,last_push,licence,language,files,test_files,pcap_files,pcap_mb,model_files,docker_files,has_ci,readme_claims_ml,readme_claims_pq,readme_claims_heldout,readme_states_limits,evidence_score_0_100,exact_copy_of
7-Bala/TunnelScope,2026-09-09,2026-10-01,Apache-2.0,Python,1497,60,137,4.72,0,11,1,1,1,1,1,68.0,
ShravyaRHegde/tunneltraceai,2026-09-29,2026-09-29,none,Python,592,130,13,0.04,1,5,1,1,0,1,1,67.5,
sharancode3/TunnelTrace-AI,2026-09-22,2026-09-29,none,Python,592,130,13,0.04,1,5,1,1,0,1,1,67.5,ShravyaRHegde/tunneltraceai
PrashamJ17/SIH_SIH-xxxxx,2026-09-04,2026-09-08,none,Python,646,119,6,2.57,3,8,1,1,1,1,1,65.6,
ashwin02-cyber/SIH_2026,2026-08-26,2026-09-28,none,Python,493,48,247,468.3,4,5,0,1,0,1,1,63.7,
ALLAN-KJ/SIH-2026,2026-09-20,2026-09-29,MIT,Python,141,29,10,0.82,8,2,1,1,1,1,1,61.0,
shivansh193/vaultscope,2026-09-05,2026-09-29,none,Python,514,68,4,1.47,2,5,1,1,1,1,1,60.8,
Git-huber2007/CipherGuard,2026-09-12,2026-09-26,NOASSERTION,Python,198,23,5,3.16,1,2,1,1,1,1,1,58.3,
POKEDB10/Janus,2026-08-30,2026-09-26,MIT,Python,310,20,12,0.02,2,6,1,1,0,0,0,56.9,
naman9271/SIH-xxxxx-Alchemist,2026-08-24,2026-09-27,MIT,Go,481,25,7,0.14,1,7,1,1,0,0,1,54.4,
newone-ss/VaLence_IPSec,2026-09-24,2026-09-30,MIT,Python,199,21,45,28.57,2,0,1,1,0,1,1,54.0,
sidcodes2727/SecurIQ,2026-09-18,2026-09-29,none,Python,186,12,6,8.59,1,2,0,1,0,1,1,51.3,
Yashwant439/sih_personal,2026-09-27,2026-09-27,none,Python,1202,13,157,3.05,544,2,0,1,0,1,1,51.2,
OgataJiraiya/ipsec-lens,2026-09-08,2026-09-24,none,Python,174,56,5,0.8,0,2,1,1,0,1,1,50.5,
ToTheBlankWorld/NS-VPN,2026-09-19,2026-09-24,none,Python,577,77,0,0.0,0,0,1,1,0,1,1,49.5,
sudonishant/sudo-spandr-vpn,2026-09-29,2026-09-30,NOASSERTION,Python,152,5,8,14.55,3,3,1,1,1,1,1,48.8,
Prayas536/sih-ipsec,2026-09-26,2026-09-30,none,Python,1317,14,171,22.55,544,2,0,1,0,0,1,48.7,
Tapas193/Ipsec_Sentimel,2026-09-27,2026-09-29,none,Python,204,16,0,0.0,0,3,0,1,0,1,1,48.0,
tishanbrijesh-rgb/IPsec-Analyzer,2026-09-29,2026-09-30,none,Python,222,24,48,0.82,0,0,0,1,0,1,1,46.5,
KrishJain4234/PrivComm-SIH26,2026-09-12,2026-09-29,none,Python,176,14,3,0.01,3,5,1,1,0,0,0,44.9,
DHANU-MASTER/IPsecAnalyzer,2026-09-17,2026-09-26,none,Java,109,11,10,0.37,0,3,0,1,1,1,1,43.0,
Muneerali199/rakshak-vyuh,2026-09-29,2026-09-29,NOASSERTION,Rust,191,2,39,9.64,0,1,0,1,1,1,1,42.5,
Guneshbari/AbhedyaX,2026-09-28,2026-09-30,Apache-2.0,TypeScript,335,35,0,0.0,0,3,0,1,0,1,0,40.1,
apjai03-vibecode/netsentry-ai,2026-09-18,2026-09-27,MIT,Python,109,10,0,0.0,2,3,1,1,0,0,1,39.9,
ALLAN-KJ/SIH-2026-demo,2026-09-19,2026-09-20,none,TypeScript,87,19,3,0.0,4,2,0,1,1,0,1,39.0,
Shirshak14/VPN-SiH,2026-09-30,2026-09-30,none,Python,129,2,36,2.37,0,4,0,1,0,1,1,37.5,
ng-sudo/IPSec-AI,2026-09-10,2026-09-21,none,Python,124,20,0,0.0,0,2,0,1,0,1,0,37.5,
lords-coder/IPsec_Sentinal_AI,2026-09-24,2026-09-24,NOASSERTION,Python,291,9,0,0.0,1,5,0,1,0,0,1,36.6,
vyansh/SIH-FINAL,2026-09-04,2026-09-06,NOASSERTION,Python,249,9,0,0.0,1,5,0,1,0,0,1,36.4,
Prasanna-ETH/IPsec,2026-09-29,2026-09-30,none,Python,105,1,8,0.45,0,0,0,1,0,0,1,35.9,
Soham792/ipsec-vpn-analyzer,2026-08-30,2026-08-31,none,Python,82,2,14,10.18,1,2,0,1,0,1,0,35.8,
medhan-sh/ipsec,2026-09-19,2026-09-26,none,Python,98,26,0,0.0,0,2,0,0,0,0,1,32.0,
pandagod-001/SIH-xxxxx--138717,2026-09-24,2026-09-26,none,Python,789,0,298,75.8,0,0,0,1,0,1,0,30.8,
palla-mahesh/AI-IPsec-VPN-Protocol-Analyzer,2026-09-27,2026-09-27,none,HTML,66,4,6,0.7,1,1,0,1,0,0,0,30.2,
psryogeshwar-14/AI-IPsec-VPN-Protocol-Analyzer,2026-09-27,2026-09-27,none,HTML,66,4,6,0.7,1,1,0,1,0,0,0,30.2,palla-mahesh/AI-IPsec-VPN-Protocol-Analyzer
lords-coder/SIH-160,2026-09-02,2026-09-04,NOASSERTION,Python,150,4,0,0.0,1,4,0,1,0,0,1,29.6,
didonas/SIH-xxxxx,2026-09-30,2026-09-30,none,Python,74,4,3,0.0,0,0,0,1,0,1,1,29.3,
aravindh-tech82/SIH-,2026-09-12,2026-09-12,none,JavaScript,68,1,3,16.01,0,1,0,1,1,0,0,27.5,
harini2006b-arch/Protocol-Analyzer,2026-08-26,2026-08-26,none,Python,3000,1,0,0.0,0,3,0,0,0,0,0,26.5,
kevin1021-star/IPSIGHT,2026-09-30,2026-09-30,none,Python,68,0,0,0.0,0,3,0,1,1,1,0,26.0,
VihaanGoyal12/IPsecAI,2026-09-28,2026-09-28,none,Python,36,5,0,0.0,0,2,0,1,0,0,1,24.8,
chtarun123/IPsecGuard-AI-SIH,2026-09-14,2026-09-28,none,JavaScript,45,1,6,0.04,0,0,0,0,0,1,1,24.8,
Jayant-kernel/SIH,2026-09-21,2026-09-21,none,Python,3000,0,725,220.72,0,1,0,1,0,0,1,24.7,
Tejasrikarthikeyan/vpnguard,2026-09-10,2026-09-11,none,C#,247,6,0,0.0,4,0,0,1,0,1,1,24.7,
supriya-cybertech/valence_ipsec,2026-09-26,2026-09-29,MIT,Python,56,6,0,0.0,0,0,1,1,0,1,1,23.0,
vallabh-afk/ipsec-ai-security-analyzer,2026-09-09,2026-09-12,none,TypeScript,126,0,0,0.0,0,0,0,1,0,0,1,22.9,
Karn-1/SIH-IPSec-VPN,2026-09-12,2026-09-15,none,JavaScript,46,1,1,0.01,0,0,0,1,0,0,1,21.1,
vishrpatil52-star/sentinel-x,2026-09-12,2026-09-12,none,Python,84,0,0,0.0,0,2,0,1,0,0,0,16.5,
Divyansuii7/sih,2026-09-13,2026-09-13,none,Python,21,0,1,0.0,0,0,0,0,0,0,1,15.3,
Samarth2357-hacker/ipsec-analyzer,2026-09-07,2026-09-07,MIT,Python,28,0,1,0.13,0,0,0,1,0,0,0,14.9,
shivanshu1512/TunnelScope-SIH-xxxxx,2026-09-16,2026-09-16,none,Jupyter Notebook,88,0,1,0.57,6,0,0,0,0,0,0,14.6,
haldarari2224-art/SIH-2,2026-09-21,2026-09-21,none,JavaScript,61,0,0,0.0,0,1,0,1,0,0,0,11.6,
jafeef77/cipherscope-sih26,2026-09-26,2026-09-26,none,HTML,2,0,0,0.0,0,0,0,1,0,1,1,11.6,
Prayas536/ipsec,2026-09-23,2026-09-26,none,,23,0,0,0.0,0,0,0,1,0,0,0,11.4,
xarjunpatil/SIH-xxxxx-AI-Powered-IPsec-VPN-Protocol-Analyzer-and-Security-Assessment-Framework,2026-08-31,2026-08-31,none,HTML,12,1,0,0.0,0,2,0,0,0,0,0,10.6,
PalakVerma-code/sih-iPsec-Sentinel,2026-09-29,2026-09-29,MIT,Python,11,0,0,0.0,0,0,0,1,0,0,1,6.7,
iSamarthDubey/tryparakh,2026-09-16,2026-09-20,MIT,,8,0,0,0.0,0,0,0,0,0,0,0,3.8,
SubhadeepAtta/IPsec-Guard,2026-09-29,2026-09-29,none,JavaScript,27,0,0,0.0,0,0,0,1,0,0,0,3.5,
JAGADISH-A/SIH---IPsec-Analysis-framework,2026-09-01,2026-09-30,none,,3,0,0,0.0,0,0,0,0,0,0,0,1.0,
dubeyjayesh234-ux/SENTRA-Security-Evaluation-Network-Traffic-Risk-Analyzer,2026-09-29,2026-09-29,none,,1,0,0,0.0,0,0,0,1,0,0,0,0.0,
vyansh/SIH-160-FINAL,2026-09-04,2026-09-04,none,,0,0,0,0.0,0,0,0,0,0,0,0,0.0,
