name,suite,label,windows,S_ungated,K4_ungated,S_stage,S_answer,K4_stage,K4_answer
exp43-chacha-bulk-rep1.pkts.csv.gz,chacha,bulk,30,web,bulk,abstained,,abstained,
exp43-chacha-bulk-rep2.pkts.csv.gz,chacha,bulk,30,web,bulk,abstained,,abstained,
exp43-chacha-email-rep1.pkts.csv.gz,chacha,email,11,email,email,abstained,,abstained,
exp43-chacha-email-rep2.pkts.csv.gz,chacha,email,12,email,email,abstained,,abstained,
exp43-chacha-icmp-rep1.pkts.csv.gz,chacha,icmp,29,icmp,icmp,answered,icmp,answered,icmp
exp43-chacha-icmp-rep2.pkts.csv.gz,chacha,icmp,30,icmp,icmp,answered,icmp,answered,icmp
exp43-chacha-interactive-rep1.pkts.csv.gz,chacha,interactive,24,voip,voip,abstained,,abstained,
exp43-chacha-interactive-rep2.pkts.csv.gz,chacha,interactive,24,voip,voip,abstained,,abstained,
exp43-chacha-messaging-rep1.pkts.csv.gz,chacha,messaging,14,messaging,messaging,abstained,,answered,messaging
exp43-chacha-messaging-rep2.pkts.csv.gz,chacha,messaging,15,messaging,messaging,answered,messaging,answered,messaging
exp43-chacha-video-rep1.pkts.csv.gz,chacha,video,29,bulk,video,out_of_distribution,,out_of_distribution,
exp43-chacha-video-rep2.pkts.csv.gz,chacha,video,29,bulk,video,out_of_distribution,,out_of_distribution,
exp43-chacha-voip-rep1.pkts.csv.gz,chacha,voip,29,voip,voip,answered,voip,answered,voip
exp43-chacha-voip-rep2.pkts.csv.gz,chacha,voip,29,voip,voip,answered,voip,answered,voip
exp43-chacha-web-rep1.pkts.csv.gz,chacha,web,30,web,web,abstained,,abstained,
exp43-chacha-web-rep2.pkts.csv.gz,chacha,web,30,web,web,abstained,,abstained,
exp43-sha384-bulk-rep1.pkts.csv.gz,sha384,bulk,30,web,bulk,abstained,,abstained,
exp43-sha384-bulk-rep2.pkts.csv.gz,sha384,bulk,30,web,bulk,abstained,,abstained,
exp43-sha384-email-rep1.pkts.csv.gz,sha384,email,15,video,email,abstained,,abstained,
exp43-sha384-email-rep2.pkts.csv.gz,sha384,email,14,video,email,abstained,,abstained,
exp43-sha384-icmp-rep1.pkts.csv.gz,sha384,icmp,29,icmp,icmp,abstained,,answered,icmp
exp43-sha384-icmp-rep2.pkts.csv.gz,sha384,icmp,29,icmp,icmp,abstained,,answered,icmp
exp43-sha384-interactive-rep1.pkts.csv.gz,sha384,interactive,19,voip,voip,answered,voip,abstained,
exp43-sha384-interactive-rep2.pkts.csv.gz,sha384,interactive,24,voip,voip,answered,voip,abstained,
exp43-sha384-messaging-rep1.pkts.csv.gz,sha384,messaging,19,web,messaging,abstained,,abstained,
exp43-sha384-messaging-rep2.pkts.csv.gz,sha384,messaging,17,web,messaging,abstained,,answered,messaging
exp43-sha384-video-rep1.pkts.csv.gz,sha384,video,29,bulk,video,out_of_distribution,,out_of_distribution,
exp43-sha384-video-rep2.pkts.csv.gz,sha384,video,29,bulk,video,out_of_distribution,,out_of_distribution,
exp43-sha384-voip-rep1.pkts.csv.gz,sha384,voip,29,voip,voip,answered,voip,answered,voip
exp43-sha384-voip-rep2.pkts.csv.gz,sha384,voip,29,voip,voip,answered,voip,answered,voip
exp43-sha384-web-rep1.pkts.csv.gz,sha384,web,30,video,web,abstained,,abstained,
exp43-sha384-web-rep2.pkts.csv.gz,sha384,web,30,video,web,abstained,,abstained,
