rel,label,profile,run,windows,stage,in_dist_share,ungated_label
pcaps/known/email/email_p01_R01.pcap,email,P01,R01,9,abstained,0.889,email
pcaps/known/email/email_p01_R02.pcap,email,P01,R02,6,abstained,0.667,email
pcaps/known/email/email_p01_R03.pcap,email,P01,R03,5,abstained,1.0,email
pcaps/known/email/email_p01_R04.pcap,email,P01,R04,6,abstained,1.0,email
pcaps/known/email/email_p01_R05.pcap,email,P01,R05,4,abstained,1.0,email
pcaps/known/email/email_p02_R01.pcap,email,P02,R01,4,abstained,1.0,email
pcaps/known/email/email_p02_R02.pcap,email,P02,R02,6,abstained,0.833,email
pcaps/known/email/email_p02_R03.pcap,email,P02,R03,7,abstained,1.0,email
pcaps/known/email/email_p02_R04.pcap,email,P02,R04,5,abstained,1.0,email
pcaps/known/email/email_p02_R05.pcap,email,P02,R05,8,abstained,0.75,email
pcaps/known/email/email_p03_R01.pcap,email,P03,R01,5,abstained,0.8,email
pcaps/known/email/email_p03_R02.pcap,email,P03,R02,8,abstained,1.0,email
pcaps/known/email/email_p03_R03.pcap,email,P03,R03,5,abstained,1.0,email
pcaps/known/email/email_p03_R04.pcap,email,P03,R04,8,abstained,1.0,email
pcaps/known/email/email_p03_R05.pcap,email,P03,R05,6,abstained,1.0,email
pcaps/known/email/email_p04_R01.pcap,email,P04,R01,6,abstained,1.0,email
pcaps/known/email/email_p04_R02.pcap,email,P04,R02,9,abstained,1.0,email
pcaps/known/email/email_p04_R03.pcap,email,P04,R03,4,abstained,1.0,email
pcaps/known/email/email_p04_R04.pcap,email,P04,R04,7,abstained,1.0,email
pcaps/known/email/email_p04_R05.pcap,email,P04,R05,4,abstained,1.0,email
pcaps/known/email/email_p05_R01.pcap,email,P05,R01,6,abstained,1.0,web
pcaps/known/email/email_p05_R02.pcap,email,P05,R02,4,abstained,1.0,web
pcaps/known/email/email_p05_R03.pcap,email,P05,R03,8,abstained,1.0,web
pcaps/known/email/email_p05_R04.pcap,email,P05,R04,6,abstained,1.0,web
pcaps/known/email/email_p05_R05.pcap,email,P05,R05,9,abstained,1.0,web
pcaps/known/file_transfer/file_p01.pcap,file_transfer,P01,R01,5,abstained,1.0,video
pcaps/known/file_transfer/file_p02.pcap,file_transfer,P02,R01,7,abstained,1.0,video
pcaps/known/file_transfer/file_p03.pcap,file_transfer,P03,R01,10,abstained,0.9,video
pcaps/known/file_transfer/file_p04.pcap,file_transfer,P04,R01,15,abstained,1.0,video
pcaps/known/file_transfer/file_p05.pcap,file_transfer,P05,R01,16,abstained,1.0,video
pcaps/known/file_transfer/file_transfer_p01_R02.pcap,file_transfer,P01,R02,14,abstained,1.0,video
pcaps/known/file_transfer/file_transfer_p01_R03.pcap,file_transfer,P01,R03,2,insufficient,,file_transfer
pcaps/known/file_transfer/file_transfer_p01_R04.pcap,file_transfer,P01,R04,8,abstained,1.0,video
pcaps/known/file_transfer/file_transfer_p01_R05.pcap,file_transfer,P01,R05,4,out_of_distribution,0.25,video
pcaps/known/file_transfer/file_transfer_p02_R02.pcap,file_transfer,P02,R02,9,abstained,1.0,video
pcaps/known/file_transfer/file_transfer_p02_R03.pcap,file_transfer,P02,R03,12,abstained,1.0,video
pcaps/known/file_transfer/file_transfer_p02_R04.pcap,file_transfer,P02,R04,5,answered,1.0,video
pcaps/known/file_transfer/file_transfer_p02_R05.pcap,file_transfer,P02,R05,5,answered,1.0,video
pcaps/known/file_transfer/file_transfer_p03_R02.pcap,file_transfer,P03,R02,2,insufficient,,video
pcaps/known/file_transfer/file_transfer_p03_R03.pcap,file_transfer,P03,R03,4,abstained,1.0,video
pcaps/known/file_transfer/file_transfer_p03_R04.pcap,file_transfer,P03,R04,8,answered,1.0,video
pcaps/known/file_transfer/file_transfer_p03_R05.pcap,file_transfer,P03,R05,16,abstained,1.0,video
pcaps/known/file_transfer/file_transfer_p04_R02.pcap,file_transfer,P04,R02,6,answered,1.0,video
pcaps/known/file_transfer/file_transfer_p04_R03.pcap,file_transfer,P04,R03,10,abstained,1.0,video
pcaps/known/file_transfer/file_transfer_p04_R04.pcap,file_transfer,P04,R04,2,insufficient,,video
pcaps/known/file_transfer/file_transfer_p04_R05.pcap,file_transfer,P04,R05,6,abstained,1.0,video
pcaps/known/file_transfer/file_transfer_p05_R02.pcap,file_transfer,P05,R02,11,abstained,1.0,video
pcaps/known/file_transfer/file_transfer_p05_R03.pcap,file_transfer,P05,R03,11,abstained,1.0,video
pcaps/known/file_transfer/file_transfer_p05_R04.pcap,file_transfer,P05,R04,8,abstained,1.0,video
pcaps/known/file_transfer/file_transfer_p05_R05.pcap,file_transfer,P05,R05,10,abstained,0.9,video
pcaps/known/icmp/icmp_p01_R02.pcap,icmp,P01,R02,3,out_of_distribution,0.0,voip
pcaps/known/icmp/icmp_p01_R03.pcap,icmp,P01,R03,4,out_of_distribution,0.0,voip
pcaps/known/icmp/icmp_p01_R04.pcap,icmp,P01,R04,7,out_of_distribution,0.0,voip
pcaps/known/icmp/icmp_p01_R05.pcap,icmp,P01,R05,4,out_of_distribution,0.0,voip
pcaps/known/icmp/icmp_p02_R02.pcap,icmp,P02,R02,4,out_of_distribution,0.0,voip
pcaps/known/icmp/icmp_p02_R03.pcap,icmp,P02,R03,6,out_of_distribution,0.0,voip
pcaps/known/icmp/icmp_p02_R04.pcap,icmp,P02,R04,2,insufficient,,voip
pcaps/known/icmp/icmp_p02_R05.pcap,icmp,P02,R05,5,out_of_distribution,0.0,voip
pcaps/known/icmp/icmp_p03_R02.pcap,icmp,P03,R02,7,out_of_distribution,0.0,voip
pcaps/known/icmp/icmp_p03_R03.pcap,icmp,P03,R03,8,out_of_distribution,0.0,voip
pcaps/known/icmp/icmp_p03_R04.pcap,icmp,P03,R04,5,out_of_distribution,0.0,voip
pcaps/known/icmp/icmp_p03_R05.pcap,icmp,P03,R05,8,abstained,1.0,voip
pcaps/known/icmp/icmp_p04_R02.pcap,icmp,P04,R02,3,abstained,1.0,voip
pcaps/known/icmp/icmp_p04_R03.pcap,icmp,P04,R03,4,abstained,1.0,voip
pcaps/known/icmp/icmp_p04_R04.pcap,icmp,P04,R04,7,abstained,1.0,voip
pcaps/known/icmp/icmp_p04_R05.pcap,icmp,P04,R05,3,abstained,1.0,voip
pcaps/known/icmp/icmp_p05_R02.pcap,icmp,P05,R02,6,abstained,1.0,voip
pcaps/known/icmp/icmp_p05_R03.pcap,icmp,P05,R03,5,out_of_distribution,0.0,voip
pcaps/known/icmp/icmp_p05_R04.pcap,icmp,P05,R04,9,out_of_distribution,0.0,messaging
pcaps/known/icmp/icmp_p05_R05.pcap,icmp,P05,R05,5,out_of_distribution,0.0,messaging
pcaps/known/icmp/ping_p01.pcap,icmp,P01,R01,9,abstained,1.0,voip
pcaps/known/icmp/ping_p02.pcap,icmp,P02,R01,12,abstained,1.0,video
pcaps/known/icmp/ping_p03.pcap,icmp,P03,R01,12,abstained,1.0,voip
pcaps/known/icmp/ping_p04.pcap,icmp,P04,R01,15,abstained,1.0,video
pcaps/known/icmp/ping_p05.pcap,icmp,P05,R01,10,abstained,1.0,voip
pcaps/known/messaging/messaging_p01_R01.pcap,messaging,P01,R01,42,abstained,0.857,interactive
pcaps/known/messaging/messaging_p01_R02.pcap,messaging,P01,R02,30,abstained,0.9,interactive
pcaps/known/messaging/messaging_p01_R03.pcap,messaging,P01,R03,43,abstained,0.651,interactive
pcaps/known/messaging/messaging_p01_R04.pcap,messaging,P01,R04,34,abstained,0.882,video
pcaps/known/messaging/messaging_p01_R05.pcap,messaging,P01,R05,39,abstained,0.897,interactive
pcaps/known/messaging/messaging_p02_R01.pcap,messaging,P02,R01,36,abstained,0.889,interactive
pcaps/known/messaging/messaging_p02_R02.pcap,messaging,P02,R02,43,abstained,0.814,interactive
pcaps/known/messaging/messaging_p02_R03.pcap,messaging,P02,R03,29,abstained,0.862,interactive
pcaps/known/messaging/messaging_p02_R04.pcap,messaging,P02,R04,29,abstained,0.862,interactive
pcaps/known/messaging/messaging_p02_R05.pcap,messaging,P02,R05,29,abstained,0.897,interactive
pcaps/known/messaging/messaging_p03_R01.pcap,messaging,P03,R01,36,abstained,0.806,interactive
pcaps/known/messaging/messaging_p03_R02.pcap,messaging,P03,R02,43,abstained,0.907,video
pcaps/known/messaging/messaging_p03_R03.pcap,messaging,P03,R03,32,abstained,0.906,interactive
pcaps/known/messaging/messaging_p03_R04.pcap,messaging,P03,R04,36,abstained,0.778,interactive
pcaps/known/messaging/messaging_p03_R05.pcap,messaging,P03,R05,43,abstained,0.837,interactive
pcaps/known/messaging/messaging_p04_R01.pcap,messaging,P04,R01,36,abstained,0.861,interactive
pcaps/known/messaging/messaging_p04_R02.pcap,messaging,P04,R02,45,answered,0.8,interactive
pcaps/known/messaging/messaging_p04_R03.pcap,messaging,P04,R03,38,abstained,0.789,interactive
pcaps/known/messaging/messaging_p04_R04.pcap,messaging,P04,R04,25,abstained,0.72,interactive
pcaps/known/messaging/messaging_p04_R05.pcap,messaging,P04,R05,43,abstained,0.814,interactive
pcaps/known/messaging/messaging_p05_R01.pcap,messaging,P05,R01,41,abstained,0.976,voip
pcaps/known/messaging/messaging_p05_R02.pcap,messaging,P05,R02,31,abstained,0.968,video
pcaps/known/messaging/messaging_p05_R03.pcap,messaging,P05,R03,36,abstained,0.972,voip
pcaps/known/messaging/messaging_p05_R04.pcap,messaging,P05,R04,45,abstained,0.889,web
pcaps/known/messaging/messaging_p05_R05.pcap,messaging,P05,R05,37,abstained,0.973,video
pcaps/known/video/video_p01.pcap,video,P01,R01,16,abstained,1.0,video
pcaps/known/video/video_p01_R02.pcap,video,P01,R02,8,abstained,1.0,video
pcaps/known/video/video_p01_R03.pcap,video,P01,R03,8,abstained,1.0,video
pcaps/known/video/video_p01_R04.pcap,video,P01,R04,8,abstained,1.0,video
pcaps/known/video/video_p01_R05.pcap,video,P01,R05,5,abstained,1.0,video
pcaps/known/video/video_p02.pcap,video,P02,R01,15,abstained,1.0,file_transfer
pcaps/known/video/video_p02_R02.pcap,video,P02,R02,6,abstained,1.0,file_transfer
pcaps/known/video/video_p02_R03.pcap,video,P02,R03,7,abstained,1.0,file_transfer
pcaps/known/video/video_p02_R04.pcap,video,P02,R04,8,abstained,1.0,file_transfer
pcaps/known/video/video_p02_R05.pcap,video,P02,R05,4,abstained,1.0,file_transfer
pcaps/known/video/video_p03.pcap,video,P03,R01,15,abstained,1.0,file_transfer
pcaps/known/video/video_p03_R02.pcap,video,P03,R02,7,abstained,1.0,video
pcaps/known/video/video_p03_R03.pcap,video,P03,R03,5,abstained,1.0,video
pcaps/known/video/video_p03_R04.pcap,video,P03,R04,4,abstained,1.0,video
pcaps/known/video/video_p03_R05.pcap,video,P03,R05,6,abstained,1.0,video
pcaps/known/video/video_p04.pcap,video,P04,R01,16,abstained,1.0,file_transfer
pcaps/known/video/video_p04_R02.pcap,video,P04,R02,9,abstained,1.0,video
pcaps/known/video/video_p04_R03.pcap,video,P04,R03,6,abstained,1.0,video
pcaps/known/video/video_p04_R04.pcap,video,P04,R04,5,abstained,1.0,video
pcaps/known/video/video_p04_R05.pcap,video,P04,R05,9,abstained,1.0,video
pcaps/known/video/video_p05.pcap,video,P05,R01,16,abstained,1.0,video
pcaps/known/video/video_p05_R02.pcap,video,P05,R02,5,abstained,1.0,video
pcaps/known/video/video_p05_R03.pcap,video,P05,R03,6,abstained,1.0,video
pcaps/known/video/video_p05_R04.pcap,video,P05,R04,5,abstained,1.0,web
pcaps/known/video/video_p05_R05.pcap,video,P05,R05,9,abstained,1.0,video
pcaps/known/voip/voip_p01_R01.pcap,voip,P01,R01,26,out_of_distribution,0.0,messaging
pcaps/known/voip/voip_p01_R02.pcap,voip,P01,R02,38,out_of_distribution,0.0,messaging
pcaps/known/voip/voip_p01_R03.pcap,voip,P01,R03,17,out_of_distribution,0.0,messaging
pcaps/known/voip/voip_p01_R04.pcap,voip,P01,R04,20,out_of_distribution,0.0,messaging
pcaps/known/voip/voip_p01_R05.pcap,voip,P01,R05,27,out_of_distribution,0.0,messaging
pcaps/known/voip/voip_p02_R01.pcap,voip,P02,R01,19,out_of_distribution,0.0,messaging
pcaps/known/voip/voip_p02_R02.pcap,voip,P02,R02,24,out_of_distribution,0.0,messaging
pcaps/known/voip/voip_p02_R03.pcap,voip,P02,R03,27,out_of_distribution,0.0,messaging
pcaps/known/voip/voip_p02_R04.pcap,voip,P02,R04,41,out_of_distribution,0.0,messaging
pcaps/known/voip/voip_p02_R05.pcap,voip,P02,R05,38,out_of_distribution,0.0,messaging
pcaps/known/voip/voip_p03_R01.pcap,voip,P03,R01,23,out_of_distribution,0.0,messaging
pcaps/known/voip/voip_p03_R02.pcap,voip,P03,R02,31,out_of_distribution,0.0,messaging
pcaps/known/voip/voip_p03_R03.pcap,voip,P03,R03,20,out_of_distribution,0.0,messaging
pcaps/known/voip/voip_p03_R04.pcap,voip,P03,R04,15,out_of_distribution,0.0,messaging
pcaps/known/voip/voip_p03_R05.pcap,voip,P03,R05,17,out_of_distribution,0.0,messaging
pcaps/known/voip/voip_p04_R01.pcap,voip,P04,R01,37,out_of_distribution,0.0,messaging
pcaps/known/voip/voip_p04_R02.pcap,voip,P04,R02,29,out_of_distribution,0.0,messaging
pcaps/known/voip/voip_p04_R03.pcap,voip,P04,R03,38,out_of_distribution,0.0,messaging
pcaps/known/voip/voip_p04_R04.pcap,voip,P04,R04,32,out_of_distribution,0.0,messaging
pcaps/known/voip/voip_p04_R05.pcap,voip,P04,R05,20,out_of_distribution,0.0,messaging
pcaps/known/voip/voip_p05_R01.pcap,voip,P05,R01,32,out_of_distribution,0.0,voip
pcaps/known/voip/voip_p05_R02.pcap,voip,P05,R02,19,out_of_distribution,0.0,voip
pcaps/known/voip/voip_p05_R03.pcap,voip,P05,R03,45,out_of_distribution,0.0,video
pcaps/known/voip/voip_p05_R04.pcap,voip,P05,R04,15,out_of_distribution,0.0,video
pcaps/known/voip/voip_p05_R05.pcap,voip,P05,R05,16,out_of_distribution,0.0,voip
pcaps/known/web/web_p01.pcap,web,P01,R01,5,abstained,1.0,web
pcaps/known/web/web_p01_R02.pcap,web,P01,R02,0,insufficient,,
pcaps/known/web/web_p01_R03.pcap,web,P01,R03,0,insufficient,,
pcaps/known/web/web_p01_R04.pcap,web,P01,R04,2,insufficient,,voip
pcaps/known/web/web_p01_R05.pcap,web,P01,R05,0,insufficient,,
pcaps/known/web/web_p02.pcap,web,P02,R01,3,abstained,1.0,web
pcaps/known/web/web_p02_R02.pcap,web,P02,R02,1,insufficient,,interactive
pcaps/known/web/web_p02_R03.pcap,web,P02,R03,1,insufficient,,interactive
pcaps/known/web/web_p02_R04.pcap,web,P02,R04,1,insufficient,,interactive
pcaps/known/web/web_p02_R05.pcap,web,P02,R05,1,insufficient,,interactive
pcaps/known/web/web_p03.pcap,web,P03,R01,5,abstained,1.0,web
pcaps/known/web/web_p03_R02.pcap,web,P03,R02,3,out_of_distribution,0.0,voip
pcaps/known/web/web_p03_R03.pcap,web,P03,R03,3,out_of_distribution,0.0,voip
pcaps/known/web/web_p03_R04.pcap,web,P03,R04,1,insufficient,,voip
pcaps/known/web/web_p03_R05.pcap,web,P03,R05,1,insufficient,,voip
pcaps/known/web/web_p04.pcap,web,P04,R01,5,abstained,1.0,web
pcaps/known/web/web_p04_R02.pcap,web,P04,R02,0,insufficient,,
pcaps/known/web/web_p04_R03.pcap,web,P04,R03,2,insufficient,,interactive
pcaps/known/web/web_p04_R04.pcap,web,P04,R04,2,insufficient,,interactive
pcaps/known/web/web_p04_R05.pcap,web,P04,R05,0,insufficient,,
pcaps/known/web/web_p05.pcap,web,P05,R01,3,abstained,0.667,web
pcaps/known/web/web_p05_R02.pcap,web,P05,R02,1,insufficient,,voip
pcaps/known/web/web_p05_R03.pcap,web,P05,R03,0,insufficient,,
pcaps/known/web/web_p05_R04.pcap,web,P05,R04,2,insufficient,,voip
pcaps/known/web/web_p05_R05.pcap,web,P05,R05,1,insufficient,,voip
pcaps/ood/archive/dns_p01.pcap,IGNORE,P01,R01,7,abstained,1.0,web
pcaps/ood/archive/dns_p02.pcap,IGNORE,P02,R01,6,abstained,1.0,web
pcaps/ood/archive/gaming_udp_p04.pcap,IGNORE,P04,R01,38,abstained,0.947,messaging
pcaps/ood/archive/ssh_p03.pcap,IGNORE,P03,R01,3,abstained,1.0,interactive
pcaps/ood/database_p01_R01.pcap,IGNORE,P01,R01,5,abstained,1.0,voip
pcaps/ood/database_p02_R01.pcap,IGNORE,P02,R01,5,abstained,1.0,voip
pcaps/ood/database_p03_R01.pcap,IGNORE,P03,R01,5,abstained,1.0,voip
pcaps/ood/database_p04_R01.pcap,IGNORE,P04,R01,5,abstained,1.0,voip
pcaps/ood/database_p05_R01.pcap,IGNORE,P05,R01,6,abstained,1.0,voip
pcaps/ood/dns_p01_R01.pcap,IGNORE,P01,R01,33,abstained,1.0,voip
pcaps/ood/dns_p02_R01.pcap,IGNORE,P02,R01,33,abstained,1.0,web
pcaps/ood/dns_p03_R01.pcap,IGNORE,P03,R01,33,abstained,1.0,voip
pcaps/ood/dns_p04_R01.pcap,IGNORE,P04,R01,33,abstained,1.0,web
pcaps/ood/dns_p05_R01.pcap,IGNORE,P05,R01,6,abstained,0.5,voip
pcaps/ood/gaming_udp_p01_R01.pcap,IGNORE,P01,R01,66,out_of_distribution,0.015,voip
pcaps/ood/gaming_udp_p02_R01.pcap,IGNORE,P02,R01,66,out_of_distribution,0.015,voip
pcaps/ood/gaming_udp_p03_R01.pcap,IGNORE,P03,R01,66,out_of_distribution,0.015,voip
pcaps/ood/gaming_udp_p04_R01.pcap,IGNORE,P04,R01,66,out_of_distribution,0.015,voip
pcaps/ood/gaming_udp_p05_R01.pcap,IGNORE,P05,R01,6,abstained,0.833,voip
pcaps/ood/remote_desktop_p01_R01.pcap,IGNORE,P01,R01,20,out_of_distribution,0.0,messaging
pcaps/ood/remote_desktop_p02_R01.pcap,IGNORE,P02,R01,20,out_of_distribution,0.0,messaging
pcaps/ood/remote_desktop_p03_R01.pcap,IGNORE,P03,R01,21,out_of_distribution,0.0,messaging
pcaps/ood/remote_desktop_p04_R01.pcap,IGNORE,P04,R01,21,out_of_distribution,0.0,messaging
pcaps/ood/remote_desktop_p05_R01.pcap,IGNORE,P05,R01,6,abstained,1.0,voip
pcaps/ood/ssh_p01_R01.pcap,IGNORE,P01,R01,5,abstained,1.0,voip
pcaps/ood/ssh_p02_R01.pcap,IGNORE,P02,R01,5,abstained,1.0,voip
pcaps/ood/ssh_p03_R01.pcap,IGNORE,P03,R01,5,abstained,1.0,voip
pcaps/ood/ssh_p04_R01.pcap,IGNORE,P04,R01,5,abstained,1.0,voip
pcaps/ood/ssh_p05_R01.pcap,IGNORE,P05,R01,6,out_of_distribution,0.333,voip
