path,bytes,sha256
Classical/P0/run1/run1_ike_control_plane.pcap,7662,91bbb52ed2c954114bc8ad824a9447aeb9541fe005df9f6ad6116168af323a3b
Classical/P0/run10/run10_ike_control_plane.pcap,5870,1ce43710d1310fe7c0f70bd557b06f20f44bef486652a18a2c1b62a2b6b9fb90
Classical/P0/run2/run2_ike_control_plane.pcap,2832,d31f437454b21340137fad14fdc86879154b6885c9fa88e3d28d10f47e6e5ca6
Classical/P0/run3/run3_ike_control_plane.pcap,3292,7cdb484723ab3536501b410c2fd75bee1f56388fa1c88fcaeba034fbd6799bf4
Classical/P0/run4/run4_ike_control_plane.pcap,2832,e4fcadc8de442337ec91ab2174abdaaf35e832c39c0dd5f1e565ce3d7c744996
Classical/P0/run5/run5_ike_control_plane.pcap,3982,75f92bfc55b26069d852b7950e517090c026dd9ac1918c022dad3f8cc3b4c805
Classical/P0/run6/run6_ike_control_plane.pcap,5640,2ab5a3d6a63d1d417d7ce1d33bff1c772f255cabac11907ed20c85f84bc92183
Classical/P0/run7/run7_ike_control_plane.pcap,2832,5136ee4d4e62b76388f122bbdba8648f77b5bc261004831c30ffdadc3ea5c25e
Classical/P0/run8/run8_ike_control_plane.pcap,2832,db249ae3ddaa752700326317d14098741f53fc5301f60793b0b3ed6845bd7f2c
Classical/P0/run9/run9_ike_control_plane.pcap,5640,93bda56f78e4c994035d08c6230c75b674bfa4c72a1a551bcbbca6c22933162d
Classical/P1/run1/run1_ike_control_plane.pcap,2829,a65c270774b0c99851fbbe051f8c17d7e9e5170f9e88940b392066a6aa80095b
Classical/P1/run10/run10_ike_control_plane.pcap,4672,ef27780bae4e090341381da32d6a2cfeb603e5c8e0ad4977af47620edf0f436a
Classical/P1/run2/run2_ike_control_plane.pcap,2832,da473dc76aaef236c3ad88431338634aed6b41757df5b968c19e747690f40613
Classical/P1/run3/run3_ike_control_plane.pcap,4653,528658307e483c5fce965a2b91924f2237ccb2166fbee2e11ebb76b7fcfcd429
Classical/P1/run4/run4_ike_control_plane.pcap,2832,e345efd260dacd1b9f3f1745f3faaf1ce1dceba6d70f84cc038e031181c2bb05
Classical/P1/run5/run5_ike_control_plane.pcap,4212,482d38800d8207d513852c407463f8cf614f98644926fbc03552d0f9a4a3766c
Classical/P1/run6/run6_ike_control_plane.pcap,4672,e99e84a4aae03da9817ee1bb284d49a98bfeee1dba620bb9618aee9f2c51b03b
Classical/P1/run7/run7_ike_control_plane.pcap,6282,dff54c63619a808783eb006806a71fada56fbd87b4f1de48444af5b4f2d57007
Classical/P1/run8/run8_ike_control_plane.pcap,4212,ffe73ff2ba4e6bc4995f4a694ff538eae97977eff6f3f5f811da7f2171c8afe9
Classical/P1/run9/run9_ike_control_plane.pcap,8812,ed5e2ac3f81ce4452faf0eca0e74280f6caabacd16d74cc4f0537040c15aa6e1
Classical/P2/run1/run1_ike_control_plane.pcap,6857,a2fe83d813110b5600d23a758854ef1f29baac8823714da8920d6fd42940b002
Classical/P2/run2/run2_ike_control_plane.pcap,18012,b48d870bbe9d9ac526ebf776aed52d340692d652f0ec671d1de4190cbb61acde
Classical/P2/run3/run3_ike_control_plane.pcap,19277,a28a7254809c8abb7aba6907c3a1194ae99d54ca32a278880ec886e96930a7f0
Classical/P2/run4/run4_ike_control_plane.pcap,8927,b273a9aed0d5368e7ea41286abc755080cdf255b91a2ee015cd1b6b33279c75a
Classical/P2/run5/run5_ike_control_plane.pcap,48418,29763c37deed5db8a9ee99382de7b8b6c4fe25149f5ba44651e9bd49f14bd64e
Classical/P2/run6/run6_ike_control_plane.pcap,2832,366f94adee20997c002ac1d91442ac0725bcfad953a815d9bb8d70c14285979e
Classical/P2/run7/run7_ike_control_plane.pcap,163019,3ec3cbaf27ae7996d7c2f743d03f2b8efafa66f69ede7ca42b19991c4d28832d
Classical/P2/run8/run8_ike_control_plane.pcap,9732,11420c55188caa14be69e652ba53c4edfc7ccb30cc1965e05e466634aa9e1c52
Classical/P2/run9/run9_ike_control_plane.pcap,3669,b1032c4ca558bd18ce91d520a6c7b454017df1f457b117844d6dc6fe0dacc55f
Hybrid/P0/Run3/run3_ike_control_plane.pcap,8192,d968fc233642bb804418e0ef2c4ef418db1808ef4ed0c477d1203b2086bf7860
Hybrid/P0/run1/run1_ike_control_plane.pcap,4096,6732bfab9f0bd82665cfcdceba9288f129012b75800e42dc0e6015f202605ab7
Hybrid/P0/run10/run10_ike_control_plane.pcap,4096,4d3c942fd6d046d62c50b638eb3a67fa5a37261d48045ee9bf85953e7511dcf4
Hybrid/P0/run2/run2_ike_control_plane.pcap,4096,cfcc7d5b98e46937bdbf368f442306527b73b01f1e10c0b386f3a40b5a2d5e19
Hybrid/P0/run4/run4_ike_control_plane.pcap,4096,2f66b9ed5fadd0b6c31506de45bb9b72721cc18818da3dd7b1e0a4f6ac0897fb
Hybrid/P0/run5/run5_ike_control_plane.pcap,4096,153cf95316aeaabc8042cb03ae54d44845c570624fa52d730b10931532d1ff57
Hybrid/P0/run6/run6_ike_control_plane.pcap,4096,528e40b97912c585f5f9cec344b2a58d6942ea2201e6b2c81a445bcb6cc4b083
Hybrid/P0/run7/run7_ike_control_plane.pcap,4096,997938fccc835b9cc828f824ccfe24fb85e64a507858e47a6337fb337d2e68a6
Hybrid/P0/run8/run8_ike_control_plane.pcap,4096,eb0bcfb522c6d351fb8cf9336efbfb5b9ab14878d386e41f1172f10ea0e1eca7
Hybrid/P0/run9/run9_ike_control_plane.pcap,8192,e2f3529593e1b062be52c22834f655d72087e066864e347901b862581ffe0554
Hybrid/P1/run10/run10_ike_control_plane.pcap,4096,ea3da6578929ba5f96bce088ffb0b717c5838ccbb69eb36f922f3679a680fc4a
Hybrid/P1/run2/run2_ike_control_plane.pcap,8192,3ccd716b1fabca7d73c61f31f3842ce70f6441bfb4831b70f438f5d78de2c7e3
Hybrid/P1/run3/run3_ike_control_plane.pcap,4096,b34b4714fb11173a839df8b1b8c7038349285d638fa27043978796c7e3ceb093
Hybrid/P1/run4/run4_ike_control_plane.pcap,4096,8836fd9d1243efb00596fb8a1b0b01a8352f3f7f4657f50dbab63f228bd59a53
Hybrid/P1/run5/run5_ike_control_plane.pcap,8192,af577f385e0346576370c7dcba26c6fc3ed8aa4863458ddd22cff87562d53318
Hybrid/P1/run6/run6_ike_control_plane.pcap,4096,6a49e81b1df70376f8a61325e95237061f8511b284faa51850f13e989ab64ce5
Hybrid/P1/run7/run7_ike_control_plane.pcap,8192,b4ffd88f20fc8c26bd8b6d31c6a0f6e63c3844b10662f75427c7ec35fa76b683
Hybrid/P1/run8/run8_ike_control_plane.pcap,8192,5228459782f7c1e24cccd93d189e3ac37f6ef4e05fb5bb85443ac47058a215ac
Hybrid/P2/run10/run10_ike_control_plane.pcap,12288,b7f6976c1924d87607194d94bb3bcfa0ec529a480790e55d26e17bbb1bda2883
Hybrid/P2/run3/run3_ike_control_plane.pcap,10672,49a87e0deb1d24ff0eff1fe9770e13d42c9701ed770777613ca2fd7ba9cfe45a
Hybrid/P2/run4/run4_ike_control_plane.pcap,8192,c7ce744196d15e8cd134b3f860bf8086bee4ad9fdbbf046659cc1c58cf5fb859
Hybrid/P2/run5/run5_ike_control_plane.pcap,14420,497126da627de5e5344f941c23248f7cb3638650aef4ab6f1c946275b8783a6b
Hybrid/P2/run6/run6_ike_control_plane.pcap,8192,7279dbe229a6d112279b401b64be7ab951b0e3efba60ef85a8880611f36b6136
Hybrid/P2/run7/run7_ike_control_plane.pcap,8192,735055421d19377ea4ce119bc42b3d860decdf6315776ebf5ea08c2d2eb00e39
Hybrid/P2/run8/run8_ike_control_plane.pcap,12288,03f07b17a52019e7275edde062290ff544233f8ff4f3f60c5184a5b3dfa89a1b
Hybrid/P2/run9/run9_ike_control_plane.pcap,16384,240d5d5e8696609749a75febca840050e259c0e9a0a5ab431074b78c86714976
