C_cur_answer,C_cur_flagged,C_cur_stage,C_new_answer,C_new_flagged,C_new_stage,C_ungated,S_answer,S_flagged,S_stage,S_ungated,label,sid,suite,variant,windows
,True,abstained,,True,abstained,video,,True,abstained,video,bulk,lab-f:exp45-F-chacha-bulk.ncdl-rep1,chacha,bulk.ncdl,22
bulk,False,answered,bulk,False,answered,bulk,bulk,False,answered,bulk,bulk,lab-f:exp45-F-chacha-bulk.ncpv-rep1,chacha,bulk.ncpv,22
,True,abstained,,True,abstained,video,video,False,answered,video,bulk,lab-f:exp45-F-chacha-bulk.rsyncd-rep1,chacha,bulk.rsyncd,22
,True,abstained,,True,abstained,email,,True,abstained,email,email,lab-f:exp45-F-chacha-email.curltls-rep1,chacha,email.curltls,17
,True,abstained,,False,abstained,email,,True,abstained,web,email,lab-f:exp45-F-chacha-email.imaps-rep1,chacha,email.imaps,14
,True,abstained,,False,abstained,email,,True,abstained,email,email,lab-f:exp45-F-chacha-email.swakstls-rep1,chacha,email.swakstls,9
,True,abstained,icmp,False,answered,icmp,,True,abstained,icmp,icmp,lab-f:exp45-F-chacha-icmp.npingts-rep1,chacha,icmp.npingts,22
,False,out_of_distribution,,False,out_of_distribution,icmp,,False,out_of_distribution,icmp,icmp,lab-f:exp45-F-chacha-icmp.ping1000-rep1,chacha,icmp.ping1000,22
,False,out_of_distribution,,False,out_of_distribution,voip,,False,out_of_distribution,interactive,icmp,lab-f:exp45-F-chacha-icmp.traceroute-rep1,chacha,icmp.traceroute,22
,False,out_of_distribution,,False,out_of_distribution,interactive,,False,out_of_distribution,web,interactive,lab-f:exp45-F-chacha-interactive.cmatrix-rep1,chacha,interactive.cmatrix,22
,True,abstained,,True,abstained,interactive,,True,abstained,interactive,interactive,lab-f:exp45-F-chacha-interactive.nano-rep1,chacha,interactive.nano,22
,False,out_of_distribution,,False,out_of_distribution,interactive,,True,abstained,voip,interactive,lab-f:exp45-F-chacha-interactive.watch-rep1,chacha,interactive.watch,19
,True,abstained,,True,abstained,interactive,,True,abstained,interactive,messaging,lab-f:exp45-F-chacha-messaging.mqtt0-rep1,chacha,messaging.mqtt0,22
,True,abstained,,True,abstained,voip,,True,abstained,voip,messaging,lab-f:exp45-F-chacha-messaging.zmq-rep1,chacha,messaging.zmq,14
,True,abstained,,False,abstained,messaging,,True,abstained,messaging,messaging,lab-f:exp45-F-chacha-messaging.zmqreq-rep1,chacha,messaging.zmqreq,16
,True,abstained,,False,abstained,video,,True,abstained,video,video,lab-f:exp45-F-chacha-video.theora-rep1,chacha,video.theora,22
,False,out_of_distribution,,False,out_of_distribution,interactive,,False,out_of_distribution,bulk,video,lab-f:exp45-F-chacha-video.tstcp-rep1,chacha,video.tstcp,23
,True,abstained,,False,abstained,video,,True,abstained,video,video,lab-f:exp45-F-chacha-video.vp8-rep1,chacha,video.vp8,22
voip,False,answered,voip,False,answered,voip,voip,False,answered,voip,voip,lab-f:exp45-F-chacha-voip.gsm-rep1,chacha,voip.gsm,22
,False,out_of_distribution,,False,out_of_distribution,voip,,False,out_of_distribution,voip,voip,lab-f:exp45-F-chacha-voip.opus60-rep1,chacha,voip.opus60,22
,True,abstained,web,False,answered,web,,True,abstained,web,web,lab-f:exp45-F-chacha-web.h2c-rep1,chacha,web.h2c,12
,True,abstained,,True,abstained,web,,True,abstained,web,web,lab-f:exp45-F-chacha-web.h2load-rep1,chacha,web.h2load,22
,True,abstained,,True,abstained,web,,True,abstained,web,web,lab-f:exp45-F-chacha-web.nghttp-rep1,chacha,web.nghttp,12
,True,abstained,,True,abstained,video,video,False,answered,video,bulk,lab-f:exp45-F-gcm256-bulk.ncdl-rep2,gcm256,bulk.ncdl,22
bulk,False,answered,bulk,False,answered,bulk,bulk,False,answered,bulk,bulk,lab-f:exp45-F-gcm256-bulk.ncpv-rep2,gcm256,bulk.ncpv,22
,True,abstained,,True,abstained,video,,True,abstained,video,bulk,lab-f:exp45-F-gcm256-bulk.rsyncd-rep2,gcm256,bulk.rsyncd,24
,True,abstained,,False,abstained,email,,True,abstained,email,email,lab-f:exp45-F-gcm256-email.curltls-rep2,gcm256,email.curltls,10
,True,abstained,,True,abstained,email,,True,abstained,web,email,lab-f:exp45-F-gcm256-email.imaps-rep2,gcm256,email.imaps,10
,True,abstained,,False,abstained,email,,True,abstained,email,email,lab-f:exp45-F-gcm256-email.swakstls-rep2,gcm256,email.swakstls,11
,True,abstained,icmp,False,answered,icmp,,True,abstained,icmp,icmp,lab-f:exp45-F-gcm256-icmp.npingts-rep2,gcm256,icmp.npingts,22
,False,out_of_distribution,,False,out_of_distribution,icmp,,False,out_of_distribution,icmp,icmp,lab-f:exp45-F-gcm256-icmp.ping1000-rep2,gcm256,icmp.ping1000,22
,False,out_of_distribution,,False,out_of_distribution,voip,,False,out_of_distribution,interactive,icmp,lab-f:exp45-F-gcm256-icmp.traceroute-rep2,gcm256,icmp.traceroute,21
,False,out_of_distribution,,False,out_of_distribution,interactive,,False,out_of_distribution,web,interactive,lab-f:exp45-F-gcm256-interactive.cmatrix-rep2,gcm256,interactive.cmatrix,22
,True,abstained,interactive,False,answered,interactive,,True,abstained,interactive,interactive,lab-f:exp45-F-gcm256-interactive.nano-rep2,gcm256,interactive.nano,21
,False,out_of_distribution,,False,out_of_distribution,interactive,,True,abstained,voip,interactive,lab-f:exp45-F-gcm256-interactive.watch-rep2,gcm256,interactive.watch,20
,True,abstained,,True,abstained,interactive,,True,abstained,interactive,messaging,lab-f:exp45-F-gcm256-messaging.mqtt0-rep2,gcm256,messaging.mqtt0,21
,True,abstained,,False,abstained,voip,,True,abstained,voip,messaging,lab-f:exp45-F-gcm256-messaging.zmq-rep2,gcm256,messaging.zmq,12
,True,abstained,,True,abstained,messaging,,True,abstained,messaging,messaging,lab-f:exp45-F-gcm256-messaging.zmqreq-rep2,gcm256,messaging.zmqreq,18
,True,abstained,,True,abstained,video,,True,abstained,video,video,lab-f:exp45-F-gcm256-video.theora-rep2,gcm256,video.theora,22
,False,out_of_distribution,,False,out_of_distribution,interactive,,False,out_of_distribution,bulk,video,lab-f:exp45-F-gcm256-video.tstcp-rep2,gcm256,video.tstcp,23
,True,abstained,,False,abstained,video,,True,abstained,video,video,lab-f:exp45-F-gcm256-video.vp8-rep2,gcm256,video.vp8,22
voip,False,answered,voip,False,answered,voip,voip,False,answered,voip,voip,lab-f:exp45-F-gcm256-voip.gsm-rep2,gcm256,voip.gsm,22
,False,out_of_distribution,,False,out_of_distribution,voip,,False,out_of_distribution,voip,voip,lab-f:exp45-F-gcm256-voip.opus60-rep2,gcm256,voip.opus60,22
web,False,answered,web,False,answered,web,,True,abstained,web,web,lab-f:exp45-F-gcm256-web.h2c-rep2,gcm256,web.h2c,12
,True,abstained,,True,abstained,web,,True,abstained,web,web,lab-f:exp45-F-gcm256-web.h2load-rep2,gcm256,web.h2load,22
,True,abstained,,False,abstained,web,,True,abstained,web,web,lab-f:exp45-F-gcm256-web.nghttp-rep2,gcm256,web.nghttp,8
,True,abstained,,False,abstained,email,,True,abstained,email,mixed,lab-f:exp45-F-chacha-mix-bulk.ncpv+interactive.nano-p2-rep1,chacha,bulk.ncpv+interactive.nano,23
,True,abstained,,True,abstained,video,video,False,answered,video,mixed,lab-f:exp45-F-chacha-mix-bulk.rsyncd+interactive.watch-p1-rep1,chacha,bulk.rsyncd+interactive.watch,24
,True,abstained,,True,abstained,interactive,,True,abstained,interactive,mixed,lab-f:exp45-F-chacha-mix-messaging.mqtt0+email.swakstls-p1-rep1,chacha,messaging.mqtt0+email.swakstls,22
,True,abstained,,False,abstained,email,,True,abstained,email,mixed,lab-f:exp45-F-chacha-mix-messaging.zmq+email.curltls-p2-rep1,chacha,messaging.zmq+email.curltls,18
,False,out_of_distribution,,False,out_of_distribution,video,,False,out_of_distribution,video,mixed,lab-f:exp45-F-chacha-mix-video.theora+interactive.watch-p1-rep1,chacha,video.theora+interactive.watch,23
,True,abstained,,False,abstained,interactive,,True,abstained,interactive,mixed,lab-f:exp45-F-chacha-mix-video.tstcp+interactive.nano-p2-rep1,chacha,video.tstcp+interactive.nano,24
,False,out_of_distribution,,False,out_of_distribution,voip,,False,out_of_distribution,voip,mixed,lab-f:exp45-F-chacha-mix-web.h2c+voip.opus60-p1-rep1,chacha,web.h2c+voip.opus60,23
,True,abstained,,False,abstained,web,,True,abstained,web,mixed,lab-f:exp45-F-chacha-mix-web.h2load+voip.gsm-p2-rep1,chacha,web.h2load+voip.gsm,23
,True,abstained,,False,abstained,email,,True,abstained,email,mixed,lab-f:exp45-F-gcm256-mix-bulk.ncpv+interactive.nano-p2-rep2,gcm256,bulk.ncpv+interactive.nano,23
,True,abstained,,True,abstained,video,video,False,answered,video,mixed,lab-f:exp45-F-gcm256-mix-bulk.rsyncd+interactive.watch-p1-rep2,gcm256,bulk.rsyncd+interactive.watch,22
,True,abstained,,True,abstained,interactive,,True,abstained,interactive,mixed,lab-f:exp45-F-gcm256-mix-messaging.mqtt0+email.swakstls-p1-rep2,gcm256,messaging.mqtt0+email.swakstls,22
,True,abstained,,True,abstained,email,,True,abstained,email,mixed,lab-f:exp45-F-gcm256-mix-messaging.zmq+email.curltls-p2-rep2,gcm256,messaging.zmq+email.curltls,22
,False,out_of_distribution,,False,out_of_distribution,video,,False,out_of_distribution,video,mixed,lab-f:exp45-F-gcm256-mix-video.theora+interactive.watch-p1-rep2,gcm256,video.theora+interactive.watch,23
,True,abstained,,False,abstained,interactive,,True,abstained,interactive,mixed,lab-f:exp45-F-gcm256-mix-video.tstcp+interactive.nano-p2-rep2,gcm256,video.tstcp+interactive.nano,24
,False,out_of_distribution,,False,out_of_distribution,voip,,False,out_of_distribution,voip,mixed,lab-f:exp45-F-gcm256-mix-web.h2c+voip.opus60-p1-rep2,gcm256,web.h2c+voip.opus60,23
,True,abstained,,False,abstained,web,,True,abstained,web,mixed,lab-f:exp45-F-gcm256-mix-web.h2load+voip.gsm-p2-rep2,gcm256,web.h2load+voip.gsm,23
