lab,rel,label,windows
C,exp41-cbc-bulk-rep1.pkts.csv.gz,bulk,30
C,exp41-cbc-bulk-rep2.pkts.csv.gz,bulk,30
C,exp41-cbc-email-rep1.pkts.csv.gz,email,14
C,exp41-cbc-email-rep2.pkts.csv.gz,email,14
C,exp41-cbc-icmp-rep1.pkts.csv.gz,icmp,29
C,exp41-cbc-icmp-rep2.pkts.csv.gz,icmp,29
C,exp41-cbc-interactive-rep1.pkts.csv.gz,interactive,13
C,exp41-cbc-interactive-rep2.pkts.csv.gz,interactive,13
C,exp41-cbc-messaging-rep1.pkts.csv.gz,messaging,20
C,exp41-cbc-messaging-rep2.pkts.csv.gz,messaging,20
C,exp41-cbc-video-rep1.pkts.csv.gz,video,29
C,exp41-cbc-video-rep2.pkts.csv.gz,video,29
C,exp41-cbc-voip-rep1.pkts.csv.gz,voip,29
C,exp41-cbc-voip-rep2.pkts.csv.gz,voip,29
C,exp41-cbc-web-rep1.pkts.csv.gz,web,29
C,exp41-cbc-web-rep2.pkts.csv.gz,web,30
C,exp41-gcm-bulk-rep1.pkts.csv.gz,bulk,30
C,exp41-gcm-bulk-rep2.pkts.csv.gz,bulk,30
C,exp41-gcm-email-rep1.pkts.csv.gz,email,13
C,exp41-gcm-email-rep2.pkts.csv.gz,email,15
C,exp41-gcm-icmp-rep1.pkts.csv.gz,icmp,29
C,exp41-gcm-icmp-rep2.pkts.csv.gz,icmp,29
C,exp41-gcm-interactive-rep1.pkts.csv.gz,interactive,14
C,exp41-gcm-interactive-rep2.pkts.csv.gz,interactive,12
C,exp41-gcm-messaging-rep1.pkts.csv.gz,messaging,20
C,exp41-gcm-messaging-rep2.pkts.csv.gz,messaging,21
C,exp41-gcm-video-rep1.pkts.csv.gz,video,29
C,exp41-gcm-video-rep2.pkts.csv.gz,video,29
C,exp41-gcm-voip-rep1.pkts.csv.gz,voip,29
C,exp41-gcm-voip-rep2.pkts.csv.gz,voip,29
C,exp41-gcm-web-rep1.pkts.csv.gz,web,29
C,exp41-gcm-web-rep2.pkts.csv.gz,web,30
